Workbook

Sheet 1_월급배분
A1: 돈의 스케일 | 월급 관리 엑셀 lite - 1. 월급 배분
A3: 노란 칸(파란 글씨)만 바꾸세요. 나머지는 자동 계산돼요.
A5: 월 실수령액 | B5: 2800000 | C5: 통장에 실제로 찍히는 금액
A7: 구분 | B7: 내 목표 비율 | C7: 금액 | D7: 6개월 누적 | E7: 메모
A8: 고정비 (월세·관리비·통신·보험료 등) | B8: 0.5 | C8: =ROUND($B$5*B8,-1) | D8: =C8*6 | E8: 매달 같은 날 나가는 돈
A9: 생활비 (식비·교통·여가) | B9: 0.2 | C9: =ROUND($B$5*B9,-1) | D9: =C9*6 | E9: 변동비. 한도를 정해두면 편해요
A10: 저축 (비상금·예금·적금) | B10: 0.2 | C10: =ROUND($B$5*B10,-1) | D10: =C10*6 | E10: 원금이 보장되는 쪽 위주로 정해보세요
A11: 투자·자기계발 (본인 계획) | B11: 0.1 | C11: =ROUND($B$5*B11,-1) | D11: =C11*6 | E11: 비율은 예시일 뿐 권유가 아니에요
A12: 합계 | B12: =ROUND(SUM(B8:B11),4) | C12: =SUM(C8:C11) | D12: =SUM(D8:D11) | E12: =IF(ROUND(B12,4)=1,"OK: 비율 합계 100%","비율 합계가 100%가 아니에요")
A14: 저축 가능 빠른 계산
A15: 연 저축액 | B15: =C10*12
A16: 1억 원까지 걸리는 기간(년) | B16: =IF(C10>0,ROUND(100000000/(C10*12),1),"-") | C16: 이자·세금 미반영 단순 계산
A18: 참고용 템플릿이에요. 세법·보험요율은 변경될 수 있고, 특정 금융상품·투자에 대한 권유가 아닙니다.
A19: 비율 예시는 일반적인 가계 관리 틀이며, 개인 상황에 맞게 바꿔 쓰세요. moneyscale-kr.github.io

Sheet 2_고정비_저축목록
A1: 2. 고정비 · 저축 목록 - 항목을 직접 적으세요
A3: 항목 | B3: 월 금액 | C3: 분류 | D3: 나가는 날(일) | E3: 메모
A4: 월세/대출 상환(본인 계약) | B4: 700000 | C4: 고정비 | D4: 1
A5: 관리비·공과금 | B5: 120000 | C5: 고정비 | D5: 10
A6: 통신비 | B6: 55000 | C6: 고정비 | D6: 15
A7: 교통(정기권) | B7: 60000 | C7: 고정비 | D7: 20
A8: 구독 서비스 | B8: 30000 | C8: 고정비 | D8: 25
A9: 비상금 적립 | B9: 300000 | C9: 저축 | D9: 25
A10: 정기 저축 | B10: 300000 | C10: 저축 | D10: 25
A11: 자기계발 | B11: 100000 | C11: 투자·자기계발 | D11: 28
A25: 분류별 합계 | B25: 목록 합계 | C25: 목표 금액 | D25: 차이 | E25: 판정
A26: 고정비 | B26: =SUMIF($C$4:$C$23,A26,$B$4:$B$23) | C26: ='1_월급배분'!C8 | D26: =C26-B26 | E26: =IF(B26=0,"목록 비어 있음",IF(B26<=C26,"목표 안","목표 초과"))
A27: 생활비 | B27: =SUMIF($C$4:$C$23,A27,$B$4:$B$23) | C27: ='1_월급배분'!C9 | D27: =C27-B27 | E27: =IF(B27=0,"목록 비어 있음",IF(B27<=C27,"목표 안","목표 초과"))
A28: 저축 | B28: =SUMIF($C$4:$C$23,A28,$B$4:$B$23) | C28: ='1_월급배분'!C10 | D28: =C28-B28 | E28: =IF(B28=0,"목록 비어 있음",IF(B28<=C28,"목표 안","목표 초과"))
A29: 투자·자기계발 | B29: =SUMIF($C$4:$C$23,A29,$B$4:$B$23) | C29: ='1_월급배분'!C11 | D29: =C29-B29 | E29: =IF(B29=0,"목록 비어 있음",IF(B29<=C29,"목표 안","목표 초과"))
A31: 고정비 비중 = 고정비 합계 / 월 실수령액 | B31: =IFERROR(B26/'1_월급배분'!B5,0)
A33: 고정비가 실수령의 절반을 넘으면 항목을 점검해 보세요. 참고용이며 개인 상황에 따라 다릅니다.

Sheet 3_12개월기록
A1: 3. 12개월 기록 - 매달 실제 금액을 적고 비율을 확인하세요
A3: 월 | B3: 실수령 | C3: 고정비 | D3: 생활비 | E3: 저축 | F3: 투자·자기계발 | G3: 남은 돈 | H3: 고정비% | I3: 저축%
A4: 1월 | G4: =IF(B4="","",B4-SUM(C4:F4)) | H4: =IF(N(B4)=0,"",C4/B4) | I4: =IF(N(B4)=0,"",E4/B4)
A5: 2월 | G5: =IF(B5="","",B5-SUM(C5:F5)) | H5: =IF(N(B5)=0,"",C5/B5) | I5: =IF(N(B5)=0,"",E5/B5)
A6: 3월 | G6: =IF(B6="","",B6-SUM(C6:F6)) | H6: =IF(N(B6)=0,"",C6/B6) | I6: =IF(N(B6)=0,"",E6/B6)
A7: 4월 | G7: =IF(B7="","",B7-SUM(C7:F7)) | H7: =IF(N(B7)=0,"",C7/B7) | I7: =IF(N(B7)=0,"",E7/B7)
A8: 5월 | G8: =IF(B8="","",B8-SUM(C8:F8)) | H8: =IF(N(B8)=0,"",C8/B8) | I8: =IF(N(B8)=0,"",E8/B8)
A9: 6월 | G9: =IF(B9="","",B9-SUM(C9:F9)) | H9: =IF(N(B9)=0,"",C9/B9) | I9: =IF(N(B9)=0,"",E9/B9)
A10: 7월 | G10: =IF(B10="","",B10-SUM(C10:F10)) | H10: =IF(N(B10)=0,"",C10/B10) | I10: =IF(N(B10)=0,"",E10/B10)
A11: 8월 | G11: =IF(B11="","",B11-SUM(C11:F11)) | H11: =IF(N(B11)=0,"",C11/B11) | I11: =IF(N(B11)=0,"",E11/B11)
A12: 9월 | G12: =IF(B12="","",B12-SUM(C12:F12)) | H12: =IF(N(B12)=0,"",C12/B12) | I12: =IF(N(B12)=0,"",E12/B12)
A13: 10월 | G13: =IF(B13="","",B13-SUM(C13:F13)) | H13: =IF(N(B13)=0,"",C13/B13) | I13: =IF(N(B13)=0,"",E13/B13)
A14: 11월 | G14: =IF(B14="","",B14-SUM(C14:F14)) | H14: =IF(N(B14)=0,"",C14/B14) | I14: =IF(N(B14)=0,"",E14/B14)
A15: 12월 | G15: =IF(B15="","",B15-SUM(C15:F15)) | H15: =IF(N(B15)=0,"",C15/B15) | I15: =IF(N(B15)=0,"",E15/B15)
A16: 합계 | B16: =SUM(B4:B15) | C16: =SUM(C4:C15) | D16: =SUM(D4:D15) | E16: =SUM(E4:E15) | F16: =SUM(F4:F15) | G16: =SUM(G4:G15) | H16: =IF(B16=0,"",C16/B16) | I16: =IF(B16=0,"",E16/B16)
A18: 남은 돈이 마이너스(빨강)면 그 달 지출이 실수령보다 컸다는 뜻이에요.
A19: 참고용 템플릿이에요. 투자 권유·금융상품 추천이 아닙니다. 돈의 스케일 moneyscale-kr.github.io
